{"time":"2020-05-12_14-08-56","car":{"x":[0,-0.0006,-0.0022,-0.0048,-0.006999999999999999,-0.0113,-0.0167,-0.0209,-0.0342,-0.0443,-0.0625,-0.07629999999999999,-0.09910000000000001,-0.1233,-0.15689999999999998,-0.1932,-0.2242,-0.24719999999999998,-0.272,-0.2991,-0.34,-0.38020000000000004,-0.4194,-0.4585,-0.4864,-0.534,-0.5668,-0.6225999999999999,-0.6823999999999999,-0.7395,-0.8095,-0.8601000000000001,-0.9248000000000001,-0.9695,-1.011,-1.0498,-1.0853,-1.1185,-1.1493,-1.1781,-1.2053,-1.2306,-1.2543,-1.2762,-1.2962,-1.3144999999999998,-1.3309,-1.3499,-1.3661,-1.3766,-1.3881999999999999,-1.3999000000000001,-1.4101,-1.4159,-1.4213999999999998,-1.4284999999999999,-1.4335,-1.4378,-1.4409999999999998,-1.4433,-1.4444,-1.4446,-1.4436000000000002,-1.4394999999999998,-1.432,-1.4259,-1.4163999999999999,-1.4035,-1.3936000000000002,-1.3835,-1.3733000000000002,-1.3630000000000002,-1.3528,-1.3428,-1.3329,-1.3204,-1.3100999999999998,-1.2992,-1.2883000000000002,-1.2773,-1.2664,-1.2538,-1.2414,-1.2251,-1.209,-1.2008,-1.1804999999999999,-1.1611,-1.1499,-1.1322,-1.1206,-1.114,-1.11,-1.1086,-1.1083,-1.11,-1.1204,-1.1344,-1.1541,-1.1797,-1.2124,-1.2659,-1.3144999999999998,-1.3703999999999998,-1.4580000000000002,-1.5058,-1.6402,-1.699,-1.8271000000000002,-1.9974,-2.1462,-2.2601,-2.4104,-2.5223,-2.5962,-2.7143,-2.867,-2.9805,-3.0578,-3.1776,-3.2985,-3.3802999999999996,-3.465,-3.5519,-3.6414999999999997,-3.7761,-3.9052999999999995,-4.0316,-4.1589,-4.2860000000000005,-4.3694999999999995,-4.4543,-4.5822,-4.7449,-4.8592,-4.968999999999999,-5.0788,-5.1892,-5.334700000000001,-5.4419,-5.546,-5.6459,-5.7440999999999995,-5.843500000000001,-5.942699999999999,-6.0415,-6.139600000000001,-6.2372000000000005,-6.3359000000000005,-6.4337,-6.5317,-6.6285,-6.725700000000001,-6.7905999999999995,-6.8889,-7.0185,-7.1145000000000005,-7.2103,-7.2769,-7.4477,-7.5159,-7.652200000000001,-7.7837,-7.8765,-7.9949,-8.1089,-8.218200000000001,-8.321,-8.3994,-8.4755,-8.620700000000001,-8.685599999999999,-8.7456,-8.7984,-8.8565,-8.9059,-8.9278,-8.935599999999999,-8.937000000000001,-8.9331,-8.9225,-8.9063,-8.8857,-8.8614,-8.8238,-8.792,-8.7468,-8.7236,-8.6889,-8.665700000000001,-8.631,-8.609,-8.5788,-8.5608,-8.536900000000001,-8.5114,-8.4902,-8.483600000000001,-8.4817,-8.4815,-8.4814,-8.4814],"y":[3.225,3.225,3.225,3.225,3.225,3.225,3.2249,3.2249,3.2246000000000006,3.2244,3.2237999999999998,3.2233,3.2222000000000004,3.2207,3.218,3.2144999999999997,3.2109000000000005,3.2079000000000004,3.2043,3.1999,3.1926,3.1845,3.1756,3.1659,3.1584000000000003,3.1444,3.1340000000000003,3.1147000000000005,3.0918,3.0676,3.0347000000000004,3.0086,2.9722000000000004,2.945,2.9182,2.8916000000000004,2.866,2.8407999999999998,2.8163,2.7924,2.7689,2.7462,2.7242,2.7031,2.6831,2.6644,2.6472,2.6265000000000005,2.6085000000000003,2.5966000000000005,2.583,2.5692000000000004,2.5568,2.5498000000000003,2.5429000000000004,2.5340000000000003,2.5277000000000003,2.5223,2.5181,2.5152,2.5137,2.5135,2.5148,2.52,2.5295,2.5370000000000004,2.5482,2.5627999999999997,2.5736000000000003,2.5841000000000003,2.5945,2.6044,2.6138999999999997,2.6229,2.6313,2.6412999999999998,2.6490000000000005,2.6568,2.6641000000000004,2.6709000000000005,2.6773000000000002,2.684,2.6900999999999997,2.6973000000000003,2.7035,2.7064,2.7126,2.7174,2.7197000000000005,2.7229,2.7248,2.7258,2.7264,2.7266000000000004,2.7266000000000004,2.7264,2.7248,2.7228000000000003,2.7201,2.7167000000000003,2.7129000000000003,2.7075,2.7035,2.7002000000000006,2.6973000000000003,2.6969,2.6973000000000003,2.6981,2.6992000000000003,2.6943,2.6836,2.6738,2.6644,2.6616000000000004,2.6622000000000003,2.6664,2.6772000000000005,2.6878,2.6961,2.7104000000000004,2.7269,2.7391,2.7527000000000004,2.7667,2.7811000000000003,2.8016,2.8188999999999997,2.8336,2.8462,2.8566000000000003,2.8621000000000003,2.8657999999999997,2.866,2.8566000000000003,2.8440000000000003,2.8305000000000002,2.8169999999999997,2.8043,2.79,2.7816,2.7763,2.7738,2.7740000000000005,2.7763999999999998,2.7799,2.7835,2.787,2.7906,2.7941000000000003,2.7977000000000003,2.8012,2.8047000000000004,2.8079,2.8094,2.8106999999999998,2.8103000000000002,2.8085000000000004,2.8062,2.8046,2.8062,2.81,2.8240000000000003,2.8516000000000004,2.8809000000000005,2.9263999999999997,2.9721,3.0127000000000006,3.0414,3.0532,3.0538,3.0199000000000003,2.9877000000000002,2.9456,2.8961,2.8207,2.7201,2.6404,2.5811,2.5412,2.4793000000000003,2.4211,2.3673,2.3181,2.2734,2.2195,2.1833,2.1416000000000004,2.1237,2.1005000000000003,2.087,2.0698000000000003,2.0606,2.0497,2.0442,2.0380000000000003,2.0326000000000004,2.0292000000000003,2.0283,2.0281000000000002,2.0281000000000002,2.0281000000000002,2.028],"mode":"lines","line":{"width":3},"showlegend":false},"speed":{"x":[0,0.2,0.4,0.6,0.8,1,1.2,1.4,1.6,1.8,2,2.2,2.4,2.6,2.8,3,3.2,3.4,3.6,3.8,4,4.2,4.4,4.6,4.8,5,5.2,5.4,5.6,5.8,6,6.2,6.4,6.6,6.8,7,7.2,7.4,7.6,7.8,8,8.2,8.4,8.6,8.8,9,9.2,9.4,9.6,9.8,10,10.2,10.4,10.6,10.8,11,11.2,11.4,11.6,11.8,12,12.2,12.4,12.6,12.8,13,13.2,13.4,13.6,13.8,14,14.2,14.4,14.6,14.8,15,15.2,15.4,15.6,15.8,16,16.2,16.4,16.6,16.8,17,17.2,17.4,17.6,17.8,18,18.2,18.4,18.6,18.8,19,19.2,19.4,19.6,19.8,20,20.2,20.4,20.6,20.8,21,21.2,21.4,21.6,21.8,22,22.2,22.4,22.6,22.8,23,23.2,23.4,23.6,23.8,24,24.2,24.4,24.6,24.8,25,25.2,25.4,25.6,25.8,26,26.2,26.4,26.6,26.8,27,27.2,27.4,27.6,27.8,28,28.2,28.4,28.6,28.8,29,29.2,29.4,29.6,29.8,30,30.2,30.4,30.6,30.8,31,31.2,31.4,31.6,31.8,32,32.2,32.4,32.6,32.8,33,33.2,33.4,33.6,33.8,34,34.2,34.4,34.6,34.8,35,35.2,35.4,35.6,35.8,36,36.2,36.4,36.6,36.8,37,37.2,37.4,37.6,37.8,38,38.2,38.4,38.6,38.8,39,39.2,39.4,39.6,39.8,40,40.2,40.4,40.6,40.8,41,41.2,41.4,41.6,41.8,42,42.2,42.4,42.6,42.8,43,43.2,43.4,43.6,43.8,44,44.2,44.4,44.6,44.8,45,45.2,45.4,45.6,45.8,46,46.2,46.4,46.6,46.8,47,47.2,47.4,47.6,47.8,48,48.2,48.4,48.6,48.8,49,49.2,49.4,49.6,49.8,50,50.2,50.4,50.6,50.8,51,51.2,51.4,51.6,51.8,52,52.2,52.4,52.6,52.8,53,53.2,53.4,53.6,53.8,54,54.2,54.4,54.6,54.8,55,55.2,55.4,55.6,55.8,56,56.2,56.4,56.6,56.8,57,57.2,57.4,57.6],